date;value(Ko);value2(req)
2018/01/04:17:00:00;5.00000000;4990.00000000
2018/01/04:17:00:01;10.00000000;4980.00000000
2018/01/04:17:00:02;15.00000000;4970.00000000
2018/01/04:17:00:03;20.00000000;4960.00000000
2018/01/04:17:00:04;25.00000000;4950.00000000
2018/01/04:17:00:05;30.00000000;4940.00000000
2018/01/04:17:00:06;35.00000000;4930.00000000
2018/01/04:17:00:07;40.00000000;4920.00000000
2018/01/04:17:00:08;45.00000000;4910.00000000
2018/01/04:17:00:09;50.00000000;4900.00000000
2018/01/04:17:00:10;55.00000000;4890.00000000
2018/01/04:17:00:11;60.00000000;4880.00000000
2018/01/04:17:00:12;65.00000000;4870.00000000
2018/01/04:17:00:13;70.00000000;4860.00000000
2018/01/04:17:00:14;75.00000000;4850.00000000
2018/01/04:17:00:15;80.00000000;4840.00000000
2018/01/04:17:00:16;85.00000000;4830.00000000
2018/01/04:17:00:17;90.00000000;4820.00000000
2018/01/04:17:00:18;95.00000000;4810.00000000
2018/01/04:17:00:19;100.00000000;4800.00000000
2018/01/04:17:00:20;105.00000000;4790.00000000
2018/01/04:17:00:21;110.00000000;4780.00000000
2018/01/04:17:00:22;115.00000000;4770.00000000
2018/01/04:17:00:23;120.00000000;4760.00000000
2018/01/04:17:00:24;125.00000000;4750.00000000
2018/01/04:17:00:25;130.00000000;4740.00000000
2018/01/04:17:00:26;135.00000000;4730.00000000
2018/01/04:17:00:27;140.00000000;4720.00000000
2018/01/04:17:00:28;145.00000000;4710.00000000
2018/01/04:17:00:29;150.00000000;4700.00000000
2018/01/04:17:00:30;155.00000000;4690.00000000
2018/01/04:17:00:31;160.00000000;4680.00000000
2018/01/04:17:00:32;165.00000000;4670.00000000
2018/01/04:17:00:33;170.00000000;4660.00000000
2018/01/04:17:00:34;175.00000000;4650.00000000
2018/01/04:17:00:35;180.00000000;4640.00000000
2018/01/04:17:00:36;185.00000000;4630.00000000
2018/01/04:17:00:37;190.00000000;4620.00000000
2018/01/04:17:00:38;195.00000000;4610.00000000
2018/01/04:17:00:39;200.00000000;4600.00000000
2018/01/04:17:00:40;205.00000000;4590.00000000
2018/01/04:17:00:41;210.00000000;4580.00000000
2018/01/04:17:00:42;215.00000000;4570.00000000
2018/01/04:17:00:43;220.00000000;4560.00000000
2018/01/04:17:00:44;225.00000000;4550.00000000
2018/01/04:17:00:45;230.00000000;4540.00000000
2018/01/04:17:00:46;235.00000000;4530.00000000
2018/01/04:17:00:47;240.00000000;4520.00000000
2018/01/04:17:00:48;245.00000000;4510.00000000
2018/01/04:17:00:49;250.00000000;4500.00000000
2018/01/04:17:00:50;255.00000000;4490.00000000
2018/01/04:17:00:51;260.00000000;4480.00000000
2018/01/04:17:00:52;265.00000000;4470.00000000
2018/01/04:17:00:53;270.00000000;4460.00000000
2018/01/04:17:00:54;275.00000000;4450.00000000
2018/01/04:17:00:55;280.00000000;4440.00000000
2018/01/04:17:00:56;285.00000000;4430.00000000
2018/01/04:17:00:57;290.00000000;4420.00000000
2018/01/04:17:00:58;295.00000000;4410.00000000
2018/01/04:17:00:59;300.00000000;4400.00000000
2018/01/04:17:01:00;305.00000000;4390.00000000
2018/01/04:17:01:01;310.00000000;4380.00000000
2018/01/04:17:01:02;315.00000000;4370.00000000
2018/01/04:17:01:03;320.00000000;4360.00000000
2018/01/04:17:01:04;325.00000000;4350.00000000
2018/01/04:17:01:05;330.00000000;4340.00000000
2018/01/04:17:01:06;335.00000000;4330.00000000
2018/01/04:17:01:07;340.00000000;4320.00000000
2018/01/04:17:01:08;345.00000000;4310.00000000
2018/01/04:17:01:09;350.00000000;4300.00000000
2018/01/04:17:01:10;355.00000000;4290.00000000
2018/01/04:17:01:11;360.00000000;4280.00000000
2018/01/04:17:01:12;365.00000000;4270.00000000
2018/01/04:17:01:13;370.00000000;4260.00000000
2018/01/04:17:01:14;375.00000000;4250.00000000
2018/01/04:17:01:15;380.00000000;4240.00000000
2018/01/04:17:01:16;385.00000000;4230.00000000
2018/01/04:17:01:17;390.00000000;4220.00000000
2018/01/04:17:01:18;395.00000000;4210.00000000
2018/01/04:17:01:19;400.00000000;4200.00000000
2018/01/04:17:01:20;405.00000000;4190.00000000
2018/01/04:17:01:21;410.00000000;4180.00000000
2018/01/04:17:01:22;415.00000000;4170.00000000
2018/01/04:17:01:23;420.00000000;4160.00000000
2018/01/04:17:01:24;425.00000000;4150.00000000
2018/01/04:17:01:25;430.00000000;4140.00000000
2018/01/04:17:01:26;435.00000000;4130.00000000
2018/01/04:17:01:27;440.00000000;4120.00000000
2018/01/04:17:01:28;445.00000000;4110.00000000
2018/01/04:17:01:29;450.00000000;4100.00000000
2018/01/04:17:01:30;455.00000000;4090.00000000
2018/01/04:17:01:31;460.00000000;4080.00000000
2018/01/04:17:01:32;465.00000000;4070.00000000
2018/01/04:17:01:33;470.00000000;4060.00000000
2018/01/04:17:01:34;475.00000000;4050.00000000
2018/01/04:17:01:35;480.00000000;4040.00000000
2018/01/04:17:01:36;485.00000000;4030.00000000
2018/01/04:17:01:37;490.00000000;4020.00000000
2018/01/04:17:01:38;495.00000000;4010.00000000
2018/01/04:17:01:39;500.00000000;4000.00000000
2018/01/04:17:01:40;505.00000000;3990.00000000
2018/01/04:17:01:41;510.00000000;3980.00000000
2018/01/04:17:01:42;515.00000000;3970.00000000
2018/01/04:17:01:43;520.00000000;3960.00000000
2018/01/04:17:01:44;525.00000000;3950.00000000
2018/01/04:17:01:45;530.00000000;3940.00000000
2018/01/04:17:01:46;535.00000000;3930.00000000
2018/01/04:17:01:47;540.00000000;3920.00000000
2018/01/04:17:01:48;545.00000000;3910.00000000
2018/01/04:17:01:49;550.00000000;3900.00000000
2018/01/04:17:01:50;555.00000000;3890.00000000
2018/01/04:17:01:51;560.00000000;3880.00000000
2018/01/04:17:01:52;565.00000000;3870.00000000
2018/01/04:17:01:53;570.00000000;3860.00000000
2018/01/04:17:01:54;575.00000000;3850.00000000
2018/01/04:17:01:55;580.00000000;3840.00000000
2018/01/04:17:01:56;585.00000000;3830.00000000
2018/01/04:17:01:57;590.00000000;3820.00000000
2018/01/04:17:01:58;595.00000000;3810.00000000
2018/01/04:17:01:59;600.00000000;3800.00000000
2018/01/04:17:02:00;605.00000000;3790.00000000
2018/01/04:17:02:01;610.00000000;3780.00000000
2018/01/04:17:02:02;615.00000000;3770.00000000
2018/01/04:17:02:03;620.00000000;3760.00000000
2018/01/04:17:02:04;625.00000000;3750.00000000
2018/01/04:17:02:05;630.00000000;3740.00000000
2018/01/04:17:02:06;635.00000000;3730.00000000
2018/01/04:17:02:07;640.00000000;3720.00000000
2018/01/04:17:02:08;645.00000000;3710.00000000
2018/01/04:17:02:09;650.00000000;3700.00000000
2018/01/04:17:02:10;655.00000000;3690.00000000
2018/01/04:17:02:11;660.00000000;3680.00000000
2018/01/04:17:02:12;665.00000000;3670.00000000
2018/01/04:17:02:13;670.00000000;3660.00000000
2018/01/04:17:02:14;675.00000000;3650.00000000
2018/01/04:17:02:15;680.00000000;3640.00000000
2018/01/04:17:02:16;685.00000000;3630.00000000
2018/01/04:17:02:17;690.00000000;3620.00000000
2018/01/04:17:02:18;695.00000000;3610.00000000
2018/01/04:17:02:19;700.00000000;3600.00000000
2018/01/04:17:02:20;705.00000000;3590.00000000
2018/01/04:17:02:21;710.00000000;3580.00000000
2018/01/04:17:02:22;715.00000000;3570.00000000
2018/01/04:17:02:23;720.00000000;3560.00000000
2018/01/04:17:02:24;725.00000000;3550.00000000
2018/01/04:17:02:25;730.00000000;3540.00000000
2018/01/04:17:02:26;735.00000000;3530.00000000
2018/01/04:17:02:27;740.00000000;3520.00000000
2018/01/04:17:02:28;745.00000000;3510.00000000
2018/01/04:17:02:29;750.00000000;3500.00000000
2018/01/04:17:02:30;755.00000000;3490.00000000
2018/01/04:17:02:31;760.00000000;3480.00000000
2018/01/04:17:02:32;765.00000000;3470.00000000
2018/01/04:17:02:33;770.00000000;3460.00000000
2018/01/04:17:02:34;775.00000000;3450.00000000
2018/01/04:17:02:35;780.00000000;3440.00000000
2018/01/04:17:02:36;785.00000000;3430.00000000
2018/01/04:17:02:37;790.00000000;3420.00000000
2018/01/04:17:02:38;795.00000000;3410.00000000
2018/01/04:17:02:39;800.00000000;3400.00000000
2018/01/04:17:02:40;805.00000000;3390.00000000
2018/01/04:17:02:41;810.00000000;3380.00000000
2018/01/04:17:02:42;815.00000000;3370.00000000
2018/01/04:17:02:43;820.00000000;3360.00000000
2018/01/04:17:02:44;825.00000000;3350.00000000
2018/01/04:17:02:45;830.00000000;3340.00000000
2018/01/04:17:02:46;835.00000000;3330.00000000
2018/01/04:17:02:47;840.00000000;3320.00000000
2018/01/04:17:02:48;845.00000000;3310.00000000
2018/01/04:17:02:49;850.00000000;3300.00000000
2018/01/04:17:02:50;855.00000000;3290.00000000
2018/01/04:17:02:51;860.00000000;3280.00000000
2018/01/04:17:02:52;865.00000000;3270.00000000
2018/01/04:17:02:53;870.00000000;3260.00000000
2018/01/04:17:02:54;875.00000000;3250.00000000
2018/01/04:17:02:55;880.00000000;3240.00000000
2018/01/04:17:02:56;885.00000000;3230.00000000
2018/01/04:17:02:57;890.00000000;3220.00000000
2018/01/04:17:02:58;895.00000000;3210.00000000
2018/01/04:17:02:59;900.00000000;3200.00000000
2018/01/04:17:03:00;905.00000000;3190.00000000
2018/01/04:17:03:01;910.00000000;3180.00000000
2018/01/04:17:03:02;915.00000000;3170.00000000
2018/01/04:17:03:03;920.00000000;3160.00000000
2018/01/04:17:03:04;925.00000000;3150.00000000
2018/01/04:17:03:05;930.00000000;3140.00000000
2018/01/04:17:03:06;935.00000000;3130.00000000
2018/01/04:17:03:07;940.00000000;3120.00000000
2018/01/04:17:03:08;945.00000000;3110.00000000
2018/01/04:17:03:09;950.00000000;3100.00000000
2018/01/04:17:03:10;955.00000000;3090.00000000
2018/01/04:17:03:11;960.00000000;3080.00000000
2018/01/04:17:03:12;965.00000000;3070.00000000
2018/01/04:17:03:13;970.00000000;3060.00000000
2018/01/04:17:03:14;975.00000000;3050.00000000
2018/01/04:17:03:15;980.00000000;3040.00000000
2018/01/04:17:03:16;985.00000000;3030.00000000
2018/01/04:17:03:17;990.00000000;3020.00000000
2018/01/04:17:03:18;995.00000000;3010.00000000
2018/01/04:17:03:19;1000.00000000;3000.00000000
2018/01/04:17:03:20;1005.00000000;2990.00000000
2018/01/04:17:03:21;1010.00000000;2980.00000000
2018/01/04:17:03:22;1015.00000000;2970.00000000
2018/01/04:17:03:23;1020.00000000;2960.00000000
2018/01/04:17:03:24;1025.00000000;2950.00000000
2018/01/04:17:03:25;1030.00000000;2940.00000000
2018/01/04:17:03:26;1035.00000000;2930.00000000
2018/01/04:17:03:27;1040.00000000;2920.00000000
2018/01/04:17:03:28;1045.00000000;2910.00000000
2018/01/04:17:03:29;1050.00000000;2900.00000000
2018/01/04:17:03:30;1055.00000000;2890.00000000
2018/01/04:17:03:31;1060.00000000;2880.00000000
2018/01/04:17:03:32;1065.00000000;2870.00000000
2018/01/04:17:03:33;1070.00000000;2860.00000000
2018/01/04:17:03:34;1075.00000000;2850.00000000
2018/01/04:17:03:35;1080.00000000;2840.00000000
2018/01/04:17:03:36;1085.00000000;2830.00000000
2018/01/04:17:03:37;1090.00000000;2820.00000000
2018/01/04:17:03:38;1095.00000000;2810.00000000
2018/01/04:17:03:39;1100.00000000;2800.00000000
2018/01/04:17:03:40;1105.00000000;2790.00000000
2018/01/04:17:03:41;1110.00000000;2780.00000000
2018/01/04:17:03:42;1115.00000000;2770.00000000
2018/01/04:17:03:43;1120.00000000;2760.00000000
2018/01/04:17:03:44;1125.00000000;2750.00000000
2018/01/04:17:03:45;1130.00000000;2740.00000000
2018/01/04:17:03:46;1135.00000000;2730.00000000
2018/01/04:17:03:47;1140.00000000;2720.00000000
2018/01/04:17:03:48;1145.00000000;2710.00000000
2018/01/04:17:03:49;1150.00000000;2700.00000000
2018/01/04:17:03:50;1155.00000000;2690.00000000
2018/01/04:17:03:51;1160.00000000;2680.00000000
2018/01/04:17:03:52;1165.00000000;2670.00000000
2018/01/04:17:03:53;1170.00000000;2660.00000000
2018/01/04:17:03:54;1175.00000000;2650.00000000
2018/01/04:17:03:55;1180.00000000;2640.00000000
2018/01/04:17:03:56;1185.00000000;2630.00000000
2018/01/04:17:03:57;1190.00000000;2620.00000000
2018/01/04:17:03:58;1195.00000000;2610.00000000
2018/01/04:17:03:59;1200.00000000;2600.00000000
2018/01/04:17:04:00;1205.00000000;2590.00000000
2018/01/04:17:04:01;1210.00000000;2580.00000000
2018/01/04:17:04:02;1215.00000000;2570.00000000
2018/01/04:17:04:03;1220.00000000;2560.00000000
2018/01/04:17:04:04;1225.00000000;2550.00000000
2018/01/04:17:04:05;1230.00000000;2540.00000000
2018/01/04:17:04:06;1235.00000000;2530.00000000
2018/01/04:17:04:07;1240.00000000;2520.00000000
2018/01/04:17:04:08;1245.00000000;2510.00000000
2018/01/04:17:04:09;1250.00000000;2500.00000000
2018/01/04:17:04:10;1255.00000000;2490.00000000
2018/01/04:17:04:11;1260.00000000;2480.00000000
2018/01/04:17:04:12;1265.00000000;2470.00000000
2018/01/04:17:04:13;1270.00000000;2460.00000000
2018/01/04:17:04:14;1275.00000000;2450.00000000
2018/01/04:17:04:15;1280.00000000;2440.00000000
2018/01/04:17:04:16;1285.00000000;2430.00000000
2018/01/04:17:04:17;1290.00000000;2420.00000000
2018/01/04:17:04:18;1295.00000000;2410.00000000
2018/01/04:17:04:19;1300.00000000;2400.00000000
2018/01/04:17:04:20;1305.00000000;2390.00000000
2018/01/04:17:04:21;1310.00000000;2380.00000000
2018/01/04:17:04:22;1315.00000000;2370.00000000
2018/01/04:17:04:23;1320.00000000;2360.00000000
2018/01/04:17:04:24;1325.00000000;2350.00000000
2018/01/04:17:04:25;1330.00000000;2340.00000000
2018/01/04:17:04:26;1335.00000000;2330.00000000
2018/01/04:17:04:27;1340.00000000;2320.00000000
2018/01/04:17:04:28;1345.00000000;2310.00000000
2018/01/04:17:04:29;1350.00000000;2300.00000000
2018/01/04:17:04:30;1355.00000000;2290.00000000
2018/01/04:17:04:31;1360.00000000;2280.00000000
2018/01/04:17:04:32;1365.00000000;2270.00000000
2018/01/04:17:04:33;1370.00000000;2260.00000000
2018/01/04:17:04:34;1375.00000000;2250.00000000
2018/01/04:17:04:35;1380.00000000;2240.00000000
2018/01/04:17:04:36;1385.00000000;2230.00000000
2018/01/04:17:04:37;1390.00000000;2220.00000000
2018/01/04:17:04:38;1395.00000000;2210.00000000
2018/01/04:17:04:39;1400.00000000;2200.00000000
2018/01/04:17:04:40;1405.00000000;2190.00000000
2018/01/04:17:04:41;1410.00000000;2180.00000000
2018/01/04:17:04:42;1415.00000000;2170.00000000
2018/01/04:17:04:43;1420.00000000;2160.00000000
2018/01/04:17:04:44;1425.00000000;2150.00000000
2018/01/04:17:04:45;1430.00000000;2140.00000000
2018/01/04:17:04:46;1435.00000000;2130.00000000
2018/01/04:17:04:47;1440.00000000;2120.00000000
2018/01/04:17:04:48;1445.00000000;2110.00000000
2018/01/04:17:04:49;1450.00000000;2100.00000000
2018/01/04:17:04:50;1455.00000000;2090.00000000
2018/01/04:17:04:51;1460.00000000;2080.00000000
2018/01/04:17:04:52;1465.00000000;2070.00000000
2018/01/04:17:04:53;1470.00000000;2060.00000000
2018/01/04:17:04:54;1475.00000000;2050.00000000
2018/01/04:17:04:55;1480.00000000;2040.00000000
2018/01/04:17:04:56;1485.00000000;2030.00000000
2018/01/04:17:04:57;1490.00000000;2020.00000000
2018/01/04:17:04:58;1495.00000000;2010.00000000
2018/01/04:17:04:59;1500.00000000;2000.00000000
2018/01/04:17:05:00;1505.00000000;1990.00000000
2018/01/04:17:05:01;1510.00000000;1980.00000000
2018/01/04:17:05:02;1515.00000000;1970.00000000
2018/01/04:17:05:03;1520.00000000;1960.00000000
2018/01/04:17:05:04;1525.00000000;1950.00000000
2018/01/04:17:05:05;1530.00000000;1940.00000000
2018/01/04:17:05:06;1535.00000000;1930.00000000
2018/01/04:17:05:07;1540.00000000;1920.00000000
2018/01/04:17:05:08;1545.00000000;1910.00000000
2018/01/04:17:05:09;1550.00000000;1900.00000000
2018/01/04:17:05:10;1555.00000000;1890.00000000
2018/01/04:17:05:11;1560.00000000;1880.00000000
2018/01/04:17:05:12;1565.00000000;1870.00000000
2018/01/04:17:05:13;1570.00000000;1860.00000000
2018/01/04:17:05:14;1575.00000000;1850.00000000
2018/01/04:17:05:15;1580.00000000;1840.00000000
2018/01/04:17:05:16;1585.00000000;1830.00000000
2018/01/04:17:05:17;1590.00000000;1820.00000000
2018/01/04:17:05:18;1595.00000000;1810.00000000
2018/01/04:17:05:19;1600.00000000;1800.00000000
2018/01/04:17:05:20;1605.00000000;1790.00000000
2018/01/04:17:05:21;1610.00000000;1780.00000000
2018/01/04:17:05:22;1615.00000000;1770.00000000
2018/01/04:17:05:23;1620.00000000;1760.00000000
2018/01/04:17:05:24;1625.00000000;1750.00000000
2018/01/04:17:05:25;1630.00000000;1740.00000000
2018/01/04:17:05:26;1635.00000000;1730.00000000
2018/01/04:17:05:27;1640.00000000;1720.00000000
2018/01/04:17:05:28;1645.00000000;1710.00000000
2018/01/04:17:05:29;1650.00000000;1700.00000000
2018/01/04:17:05:30;1655.00000000;1690.00000000
2018/01/04:17:05:31;1660.00000000;1680.00000000
2018/01/04:17:05:32;1665.00000000;1670.00000000
2018/01/04:17:05:33;1670.00000000;1660.00000000
2018/01/04:17:05:34;1675.00000000;1650.00000000
2018/01/04:17:05:35;1680.00000000;1640.00000000
2018/01/04:17:05:36;1685.00000000;1630.00000000
2018/01/04:17:05:37;1690.00000000;1620.00000000
2018/01/04:17:05:38;1695.00000000;1610.00000000
2018/01/04:17:05:39;1700.00000000;1600.00000000
2018/01/04:17:05:40;1705.00000000;1590.00000000
2018/01/04:17:05:41;1710.00000000;1580.00000000
2018/01/04:17:05:42;1715.00000000;1570.00000000
2018/01/04:17:05:43;1720.00000000;1560.00000000
2018/01/04:17:05:44;1725.00000000;1550.00000000
2018/01/04:17:05:45;1730.00000000;1540.00000000
2018/01/04:17:05:46;1735.00000000;1530.00000000
2018/01/04:17:05:47;1740.00000000;1520.00000000
2018/01/04:17:05:48;1745.00000000;1510.00000000
2018/01/04:17:05:49;1750.00000000;1500.00000000
2018/01/04:17:05:50;1755.00000000;1490.00000000
2018/01/04:17:05:51;1760.00000000;1480.00000000
2018/01/04:17:05:52;1765.00000000;1470.00000000
2018/01/04:17:05:53;1770.00000000;1460.00000000
2018/01/04:17:05:54;1775.00000000;1450.00000000
2018/01/04:17:05:55;1780.00000000;1440.00000000
2018/01/04:17:05:56;1785.00000000;1430.00000000
2018/01/04:17:05:57;1790.00000000;1420.00000000
2018/01/04:17:05:58;1795.00000000;1410.00000000
2018/01/04:17:05:59;1800.00000000;1400.00000000
2018/01/04:17:06:00;1805.00000000;1390.00000000
2018/01/04:17:06:01;1810.00000000;1380.00000000
2018/01/04:17:06:02;1815.00000000;1370.00000000
2018/01/04:17:06:03;1820.00000000;1360.00000000
2018/01/04:17:06:04;1825.00000000;1350.00000000
2018/01/04:17:06:05;1830.00000000;1340.00000000
2018/01/04:17:06:06;1835.00000000;1330.00000000
2018/01/04:17:06:07;1840.00000000;1320.00000000
2018/01/04:17:06:08;1845.00000000;1310.00000000
2018/01/04:17:06:09;1850.00000000;1300.00000000
2018/01/04:17:06:10;1855.00000000;1290.00000000
2018/01/04:17:06:11;1860.00000000;1280.00000000
2018/01/04:17:06:12;1865.00000000;1270.00000000
2018/01/04:17:06:13;1870.00000000;1260.00000000
2018/01/04:17:06:14;1875.00000000;1250.00000000
2018/01/04:17:06:15;1880.00000000;1240.00000000
2018/01/04:17:06:16;1885.00000000;1230.00000000
2018/01/04:17:06:17;1890.00000000;1220.00000000
2018/01/04:17:06:18;1895.00000000;1210.00000000
2018/01/04:17:06:19;1900.00000000;1200.00000000
2018/01/04:17:06:20;1905.00000000;1190.00000000
2018/01/04:17:06:21;1910.00000000;1180.00000000
2018/01/04:17:06:22;1915.00000000;1170.00000000
2018/01/04:17:06:23;1920.00000000;1160.00000000
2018/01/04:17:06:24;1925.00000000;1150.00000000
2018/01/04:17:06:25;1930.00000000;1140.00000000
2018/01/04:17:06:26;1935.00000000;1130.00000000
2018/01/04:17:06:27;1940.00000000;1120.00000000
2018/01/04:17:06:28;1945.00000000;1110.00000000
2018/01/04:17:06:29;1950.00000000;1100.00000000
2018/01/04:17:06:30;1955.00000000;1090.00000000
2018/01/04:17:06:31;1960.00000000;1080.00000000
2018/01/04:17:06:32;1965.00000000;1070.00000000
2018/01/04:17:06:33;1970.00000000;1060.00000000
2018/01/04:17:06:34;1975.00000000;1050.00000000
2018/01/04:17:06:35;1980.00000000;1040.00000000
2018/01/04:17:06:36;1985.00000000;1030.00000000
2018/01/04:17:06:37;1990.00000000;1020.00000000
2018/01/04:17:06:38;1995.00000000;1010.00000000
2018/01/04:17:06:39;2000.00000000;1000.00000000
2018/01/04:17:06:40;2005.00000000;990.00000000
2018/01/04:17:06:41;2010.00000000;980.00000000
2018/01/04:17:06:42;2015.00000000;970.00000000
2018/01/04:17:06:43;2020.00000000;960.00000000
2018/01/04:17:06:44;2025.00000000;950.00000000
2018/01/04:17:06:45;2030.00000000;940.00000000
2018/01/04:17:06:46;2035.00000000;930.00000000
2018/01/04:17:06:47;2040.00000000;920.00000000
2018/01/04:17:06:48;2045.00000000;910.00000000
2018/01/04:17:06:49;2050.00000000;900.00000000
2018/01/04:17:06:50;2055.00000000;890.00000000
2018/01/04:17:06:51;2060.00000000;880.00000000
2018/01/04:17:06:52;2065.00000000;870.00000000
2018/01/04:17:06:53;2070.00000000;860.00000000
2018/01/04:17:06:54;2075.00000000;850.00000000
2018/01/04:17:06:55;2080.00000000;840.00000000
2018/01/04:17:06:56;2085.00000000;830.00000000
2018/01/04:17:06:57;2090.00000000;820.00000000
2018/01/04:17:06:58;2095.00000000;810.00000000
2018/01/04:17:06:59;2100.00000000;800.00000000
2018/01/04:17:07:00;2105.00000000;790.00000000
2018/01/04:17:07:01;2110.00000000;780.00000000
2018/01/04:17:07:02;2115.00000000;770.00000000
2018/01/04:17:07:03;2120.00000000;760.00000000
2018/01/04:17:07:04;2125.00000000;750.00000000
2018/01/04:17:07:05;2130.00000000;740.00000000
2018/01/04:17:07:06;2135.00000000;730.00000000
2018/01/04:17:07:07;2140.00000000;720.00000000
2018/01/04:17:07:08;2145.00000000;710.00000000
2018/01/04:17:07:09;2150.00000000;700.00000000
2018/01/04:17:07:10;2155.00000000;690.00000000
2018/01/04:17:07:11;2160.00000000;680.00000000
2018/01/04:17:07:12;2165.00000000;670.00000000
2018/01/04:17:07:13;2170.00000000;660.00000000
2018/01/04:17:07:14;2175.00000000;650.00000000
2018/01/04:17:07:15;2180.00000000;640.00000000
2018/01/04:17:07:16;2185.00000000;630.00000000
2018/01/04:17:07:17;2190.00000000;620.00000000
2018/01/04:17:07:18;2195.00000000;610.00000000
2018/01/04:17:07:19;2200.00000000;600.00000000
2018/01/04:17:07:20;2205.00000000;590.00000000
2018/01/04:17:07:21;2210.00000000;580.00000000
2018/01/04:17:07:22;2215.00000000;570.00000000
2018/01/04:17:07:23;2220.00000000;560.00000000
2018/01/04:17:07:24;2225.00000000;550.00000000
2018/01/04:17:07:25;2230.00000000;540.00000000
2018/01/04:17:07:26;2235.00000000;530.00000000
2018/01/04:17:07:27;2240.00000000;520.00000000
2018/01/04:17:07:28;2245.00000000;510.00000000
2018/01/04:17:07:29;2250.00000000;500.00000000
2018/01/04:17:07:30;2255.00000000;490.00000000
2018/01/04:17:07:31;2260.00000000;480.00000000
2018/01/04:17:07:32;2265.00000000;470.00000000
2018/01/04:17:07:33;2270.00000000;460.00000000
2018/01/04:17:07:34;2275.00000000;450.00000000
2018/01/04:17:07:35;2280.00000000;440.00000000
2018/01/04:17:07:36;2285.00000000;430.00000000
2018/01/04:17:07:37;2290.00000000;420.00000000
2018/01/04:17:07:38;2295.00000000;410.00000000
2018/01/04:17:07:39;2300.00000000;400.00000000
2018/01/04:17:07:40;2305.00000000;390.00000000
2018/01/04:17:07:41;2310.00000000;380.00000000
2018/01/04:17:07:42;2315.00000000;370.00000000
2018/01/04:17:07:43;2320.00000000;360.00000000
2018/01/04:17:07:44;2325.00000000;350.00000000
2018/01/04:17:07:45;2330.00000000;340.00000000
2018/01/04:17:07:46;2335.00000000;330.00000000
2018/01/04:17:07:47;2340.00000000;320.00000000
2018/01/04:17:07:48;2345.00000000;310.00000000
2018/01/04:17:07:49;2350.00000000;300.00000000
2018/01/04:17:07:50;2355.00000000;290.00000000
2018/01/04:17:07:51;2360.00000000;280.00000000
2018/01/04:17:07:52;2365.00000000;270.00000000
2018/01/04:17:07:53;2370.00000000;260.00000000
2018/01/04:17:07:54;2375.00000000;250.00000000
2018/01/04:17:07:55;2380.00000000;240.00000000
2018/01/04:17:07:56;2385.00000000;230.00000000
2018/01/04:17:07:57;2390.00000000;220.00000000
2018/01/04:17:07:58;2395.00000000;210.00000000
2018/01/04:17:07:59;2400.00000000;200.00000000
2018/01/04:17:08:00;2405.00000000;190.00000000
2018/01/04:17:08:01;2410.00000000;180.00000000
2018/01/04:17:08:02;2415.00000000;170.00000000
2018/01/04:17:08:03;2420.00000000;160.00000000
2018/01/04:17:08:04;2425.00000000;150.00000000
2018/01/04:17:08:05;2430.00000000;140.00000000
2018/01/04:17:08:06;2435.00000000;130.00000000
2018/01/04:17:08:07;2440.00000000;120.00000000
2018/01/04:17:08:08;2445.00000000;110.00000000
2018/01/04:17:08:09;2450.00000000;100.00000000
2018/01/04:17:08:10;2455.00000000;90.00000000
2018/01/04:17:08:11;2460.00000000;80.00000000
2018/01/04:17:08:12;2465.00000000;70.00000000
2018/01/04:17:08:13;2470.00000000;60.00000000
2018/01/04:17:08:14;2475.00000000;50.00000000
2018/01/04:17:08:15;2480.00000000;40.00000000
2018/01/04:17:08:16;2485.00000000;30.00000000
2018/01/04:17:08:17;2490.00000000;20.00000000
2018/01/04:17:08:18;2495.00000000;10.00000000
2018/01/04:17:08:19;2500.00000000;0.00000000
2018/01/04:17:08:20;2505.00000000;-10.00000000
2018/01/04:17:08:21;2510.00000000;-20.00000000
2018/01/04:17:08:22;2515.00000000;-30.00000000
2018/01/04:17:08:23;2520.00000000;-40.00000000
2018/01/04:17:08:24;2525.00000000;-50.00000000
2018/01/04:17:08:25;2530.00000000;-60.00000000
2018/01/04:17:08:26;2535.00000000;-70.00000000
2018/01/04:17:08:27;2540.00000000;-80.00000000
2018/01/04:17:08:28;2545.00000000;-90.00000000
2018/01/04:17:08:29;2550.00000000;-100.00000000
2018/01/04:17:08:30;2555.00000000;-110.00000000
2018/01/04:17:08:31;2560.00000000;-120.00000000
2018/01/04:17:08:32;2565.00000000;-130.00000000
2018/01/04:17:08:33;2570.00000000;-140.00000000
2018/01/04:17:08:34;2575.00000000;-150.00000000
2018/01/04:17:08:35;2580.00000000;-160.00000000
2018/01/04:17:08:36;2585.00000000;-170.00000000
2018/01/04:17:08:37;2590.00000000;-180.00000000
2018/01/04:17:08:38;2595.00000000;-190.00000000
2018/01/04:17:08:39;2600.00000000;-200.00000000
2018/01/04:17:08:40;2605.00000000;-210.00000000
2018/01/04:17:08:41;2610.00000000;-220.00000000
2018/01/04:17:08:42;2615.00000000;-230.00000000
2018/01/04:17:08:43;2620.00000000;-240.00000000
2018/01/04:17:08:44;2625.00000000;-250.00000000
2018/01/04:17:08:45;2630.00000000;-260.00000000
2018/01/04:17:08:46;2635.00000000;-270.00000000
2018/01/04:17:08:47;2640.00000000;-280.00000000
2018/01/04:17:08:48;2645.00000000;-290.00000000
2018/01/04:17:08:49;2650.00000000;-300.00000000
2018/01/04:17:08:50;2655.00000000;-310.00000000
2018/01/04:17:08:51;2660.00000000;-320.00000000
2018/01/04:17:08:52;2665.00000000;-330.00000000
2018/01/04:17:08:53;2670.00000000;-340.00000000
2018/01/04:17:08:54;2675.00000000;-350.00000000
2018/01/04:17:08:55;2680.00000000;-360.00000000
2018/01/04:17:08:56;2685.00000000;-370.00000000
2018/01/04:17:08:57;2690.00000000;-380.00000000
2018/01/04:17:08:58;2695.00000000;-390.00000000
2018/01/04:17:08:59;2700.00000000;-400.00000000
2018/01/04:17:09:00;2705.00000000;-410.00000000
2018/01/04:17:09:01;2710.00000000;-420.00000000
2018/01/04:17:09:02;2715.00000000;-430.00000000
2018/01/04:17:09:03;2720.00000000;-440.00000000
2018/01/04:17:09:04;2725.00000000;-450.00000000
2018/01/04:17:09:05;2730.00000000;-460.00000000
2018/01/04:17:09:06;2735.00000000;-470.00000000
2018/01/04:17:09:07;2740.00000000;-480.00000000
2018/01/04:17:09:08;2745.00000000;-490.00000000
2018/01/04:17:09:09;2750.00000000;-500.00000000
2018/01/04:17:09:10;2755.00000000;-510.00000000
2018/01/04:17:09:11;2760.00000000;-520.00000000
2018/01/04:17:09:12;2765.00000000;-530.00000000
2018/01/04:17:09:13;2770.00000000;-540.00000000
2018/01/04:17:09:14;2775.00000000;-550.00000000
2018/01/04:17:09:15;2780.00000000;-560.00000000
2018/01/04:17:09:16;2785.00000000;-570.00000000
2018/01/04:17:09:17;2790.00000000;-580.00000000
2018/01/04:17:09:18;2795.00000000;-590.00000000
2018/01/04:17:09:19;2800.00000000;-600.00000000
2018/01/04:17:09:20;2805.00000000;-610.00000000
2018/01/04:17:09:21;2810.00000000;-620.00000000
2018/01/04:17:09:22;2815.00000000;-630.00000000
2018/01/04:17:09:23;2820.00000000;-640.00000000
2018/01/04:17:09:24;2825.00000000;-650.00000000
2018/01/04:17:09:25;2830.00000000;-660.00000000
2018/01/04:17:09:26;2835.00000000;-670.00000000
2018/01/04:17:09:27;2840.00000000;-680.00000000
2018/01/04:17:09:28;2845.00000000;-690.00000000
2018/01/04:17:09:29;2850.00000000;-700.00000000
2018/01/04:17:09:30;2855.00000000;-710.00000000
2018/01/04:17:09:31;2860.00000000;-720.00000000
2018/01/04:17:09:32;2865.00000000;-730.00000000
2018/01/04:17:09:33;2870.00000000;-740.00000000
2018/01/04:17:09:34;2875.00000000;-750.00000000
2018/01/04:17:09:35;2880.00000000;-760.00000000
2018/01/04:17:09:36;2885.00000000;-770.00000000
2018/01/04:17:09:37;2890.00000000;-780.00000000
2018/01/04:17:09:38;2895.00000000;-790.00000000
2018/01/04:17:09:39;2900.00000000;-800.00000000
2018/01/04:17:09:40;2905.00000000;-810.00000000
2018/01/04:17:09:41;2910.00000000;-820.00000000
2018/01/04:17:09:42;2915.00000000;-830.00000000
2018/01/04:17:09:43;2920.00000000;-840.00000000
2018/01/04:17:09:44;2925.00000000;-850.00000000
2018/01/04:17:09:45;2930.00000000;-860.00000000
2018/01/04:17:09:46;2935.00000000;-870.00000000
2018/01/04:17:09:47;2940.00000000;-880.00000000
2018/01/04:17:09:48;2945.00000000;-890.00000000
2018/01/04:17:09:49;2950.00000000;-900.00000000
2018/01/04:17:09:50;2955.00000000;-910.00000000
2018/01/04:17:09:51;2960.00000000;-920.00000000
2018/01/04:17:09:52;2965.00000000;-930.00000000
2018/01/04:17:09:53;2970.00000000;-940.00000000
2018/01/04:17:09:54;2975.00000000;-950.00000000
2018/01/04:17:09:55;2980.00000000;-960.00000000
2018/01/04:17:09:56;2985.00000000;-970.00000000
2018/01/04:17:09:57;2990.00000000;-980.00000000
2018/01/04:17:09:58;2995.00000000;-990.00000000
2018/01/04:17:09:59;3000.00000000;-1000.00000000
2018/01/04:17:10:00;3005.00000000;-1010.00000000
2018/01/04:17:10:01;3010.00000000;-1020.00000000
2018/01/04:17:10:02;3015.00000000;-1030.00000000
2018/01/04:17:10:03;3020.00000000;-1040.00000000
2018/01/04:17:10:04;3025.00000000;-1050.00000000
2018/01/04:17:10:05;3030.00000000;-1060.00000000
2018/01/04:17:10:06;3035.00000000;-1070.00000000
2018/01/04:17:10:07;3040.00000000;-1080.00000000
2018/01/04:17:10:08;3045.00000000;-1090.00000000
2018/01/04:17:10:09;3050.00000000;-1100.00000000
2018/01/04:17:10:10;3055.00000000;-1110.00000000
2018/01/04:17:10:11;3060.00000000;-1120.00000000
2018/01/04:17:10:12;3065.00000000;-1130.00000000
2018/01/04:17:10:13;3070.00000000;-1140.00000000
2018/01/04:17:10:14;3075.00000000;-1150.00000000
2018/01/04:17:10:15;3080.00000000;-1160.00000000
2018/01/04:17:10:16;3085.00000000;-1170.00000000
2018/01/04:17:10:17;3090.00000000;-1180.00000000
2018/01/04:17:10:18;3095.00000000;-1190.00000000
2018/01/04:17:10:19;3100.00000000;-1200.00000000
2018/01/04:17:10:20;3105.00000000;-1210.00000000
2018/01/04:17:10:21;3110.00000000;-1220.00000000
2018/01/04:17:10:22;3115.00000000;-1230.00000000
2018/01/04:17:10:23;3120.00000000;-1240.00000000
2018/01/04:17:10:24;3125.00000000;-1250.00000000
2018/01/04:17:10:25;3130.00000000;-1260.00000000
2018/01/04:17:10:26;3135.00000000;-1270.00000000
2018/01/04:17:10:27;3140.00000000;-1280.00000000
2018/01/04:17:10:28;3145.00000000;-1290.00000000
2018/01/04:17:10:29;3150.00000000;-1300.00000000
2018/01/04:17:10:30;3155.00000000;-1310.00000000
2018/01/04:17:10:31;3160.00000000;-1320.00000000
2018/01/04:17:10:32;3165.00000000;-1330.00000000
2018/01/04:17:10:33;3170.00000000;-1340.00000000
2018/01/04:17:10:34;3175.00000000;-1350.00000000
2018/01/04:17:10:35;3180.00000000;-1360.00000000
2018/01/04:17:10:36;3185.00000000;-1370.00000000
2018/01/04:17:10:37;3190.00000000;-1380.00000000
2018/01/04:17:10:38;3195.00000000;-1390.00000000
2018/01/04:17:10:39;3200.00000000;-1400.00000000
2018/01/04:17:10:40;3205.00000000;-1410.00000000
2018/01/04:17:10:41;3210.00000000;-1420.00000000
2018/01/04:17:10:42;3215.00000000;-1430.00000000
2018/01/04:17:10:43;3220.00000000;-1440.00000000
2018/01/04:17:10:44;3225.00000000;-1450.00000000
2018/01/04:17:10:45;3230.00000000;-1460.00000000
2018/01/04:17:10:46;3235.00000000;-1470.00000000
2018/01/04:17:10:47;3240.00000000;-1480.00000000
2018/01/04:17:10:48;3245.00000000;-1490.00000000
2018/01/04:17:10:49;3250.00000000;-1500.00000000
2018/01/04:17:10:50;3255.00000000;-1510.00000000
2018/01/04:17:10:51;3260.00000000;-1520.00000000
2018/01/04:17:10:52;3265.00000000;-1530.00000000
2018/01/04:17:10:53;3270.00000000;-1540.00000000
2018/01/04:17:10:54;3275.00000000;-1550.00000000
2018/01/04:17:10:55;3280.00000000;-1560.00000000
2018/01/04:17:10:56;3285.00000000;-1570.00000000
2018/01/04:17:10:57;3290.00000000;-1580.00000000
2018/01/04:17:10:58;3295.00000000;-1590.00000000
2018/01/04:17:10:59;3300.00000000;-1600.00000000
2018/01/04:17:11:00;3305.00000000;-1610.00000000
2018/01/04:17:11:01;3310.00000000;-1620.00000000
2018/01/04:17:11:02;3315.00000000;-1630.00000000
2018/01/04:17:11:03;3320.00000000;-1640.00000000
2018/01/04:17:11:04;3325.00000000;-1650.00000000
2018/01/04:17:11:05;3330.00000000;-1660.00000000
2018/01/04:17:11:06;3335.00000000;-1670.00000000
2018/01/04:17:11:07;3340.00000000;-1680.00000000
2018/01/04:17:11:08;3345.00000000;-1690.00000000
2018/01/04:17:11:09;3350.00000000;-1700.00000000
2018/01/04:17:11:10;3355.00000000;-1710.00000000
2018/01/04:17:11:11;3360.00000000;-1720.00000000
2018/01/04:17:11:12;3365.00000000;-1730.00000000
2018/01/04:17:11:13;3370.00000000;-1740.00000000
2018/01/04:17:11:14;3375.00000000;-1750.00000000
2018/01/04:17:11:15;3380.00000000;-1760.00000000
2018/01/04:17:11:16;3385.00000000;-1770.00000000
2018/01/04:17:11:17;3390.00000000;-1780.00000000
2018/01/04:17:11:18;3395.00000000;-1790.00000000
2018/01/04:17:11:19;3400.00000000;-1800.00000000
2018/01/04:17:11:20;3405.00000000;-1810.00000000
2018/01/04:17:11:21;3410.00000000;-1820.00000000
2018/01/04:17:11:22;3415.00000000;-1830.00000000
2018/01/04:17:11:23;3420.00000000;-1840.00000000
2018/01/04:17:11:24;3425.00000000;-1850.00000000
2018/01/04:17:11:25;3430.00000000;-1860.00000000
2018/01/04:17:11:26;3435.00000000;-1870.00000000
2018/01/04:17:11:27;3440.00000000;-1880.00000000
2018/01/04:17:11:28;3445.00000000;-1890.00000000
2018/01/04:17:11:29;3450.00000000;-1900.00000000
2018/01/04:17:11:30;3455.00000000;-1910.00000000
2018/01/04:17:11:31;3460.00000000;-1920.00000000
2018/01/04:17:11:32;3465.00000000;-1930.00000000
2018/01/04:17:11:33;3470.00000000;-1940.00000000
2018/01/04:17:11:34;3475.00000000;-1950.00000000
2018/01/04:17:11:35;3480.00000000;-1960.00000000
2018/01/04:17:11:36;3485.00000000;-1970.00000000
2018/01/04:17:11:37;3490.00000000;-1980.00000000
2018/01/04:17:11:38;3495.00000000;-1990.00000000
2018/01/04:17:11:39;3500.00000000;-2000.00000000
2018/01/04:17:11:40;3505.00000000;-2010.00000000
2018/01/04:17:11:41;3510.00000000;-2020.00000000
2018/01/04:17:11:42;3515.00000000;-2030.00000000
2018/01/04:17:11:43;3520.00000000;-2040.00000000
2018/01/04:17:11:44;3525.00000000;-2050.00000000
2018/01/04:17:11:45;3530.00000000;-2060.00000000
2018/01/04:17:11:46;3535.00000000;-2070.00000000
2018/01/04:17:11:47;3540.00000000;-2080.00000000
2018/01/04:17:11:48;3545.00000000;-2090.00000000
2018/01/04:17:11:49;3550.00000000;-2100.00000000
2018/01/04:17:11:50;3555.00000000;-2110.00000000
2018/01/04:17:11:51;3560.00000000;-2120.00000000
2018/01/04:17:11:52;3565.00000000;-2130.00000000
2018/01/04:17:11:53;3570.00000000;-2140.00000000
2018/01/04:17:11:54;3575.00000000;-2150.00000000
2018/01/04:17:11:55;3580.00000000;-2160.00000000
2018/01/04:17:11:56;3585.00000000;-2170.00000000
2018/01/04:17:11:57;3590.00000000;-2180.00000000
2018/01/04:17:11:58;3595.00000000;-2190.00000000
2018/01/04:17:11:59;3600.00000000;-2200.00000000
2018/01/04:17:12:00;3605.00000000;-2210.00000000
2018/01/04:17:12:01;3610.00000000;-2220.00000000
2018/01/04:17:12:02;3615.00000000;-2230.00000000
2018/01/04:17:12:03;3620.00000000;-2240.00000000
2018/01/04:17:12:04;3625.00000000;-2250.00000000
2018/01/04:17:12:05;3630.00000000;-2260.00000000
2018/01/04:17:12:06;3635.00000000;-2270.00000000
2018/01/04:17:12:07;3640.00000000;-2280.00000000
2018/01/04:17:12:08;3645.00000000;-2290.00000000
2018/01/04:17:12:09;3650.00000000;-2300.00000000
2018/01/04:17:12:10;3655.00000000;-2310.00000000
2018/01/04:17:12:11;3660.00000000;-2320.00000000
2018/01/04:17:12:12;3665.00000000;-2330.00000000
2018/01/04:17:12:13;3670.00000000;-2340.00000000
2018/01/04:17:12:14;3675.00000000;-2350.00000000
2018/01/04:17:12:15;3680.00000000;-2360.00000000
2018/01/04:17:12:16;3685.00000000;-2370.00000000
2018/01/04:17:12:17;3690.00000000;-2380.00000000
2018/01/04:17:12:18;3695.00000000;-2390.00000000
2018/01/04:17:12:19;3700.00000000;-2400.00000000
2018/01/04:17:12:20;3705.00000000;-2410.00000000
2018/01/04:17:12:21;3710.00000000;-2420.00000000
2018/01/04:17:12:22;3715.00000000;-2430.00000000
2018/01/04:17:12:23;3720.00000000;-2440.00000000
2018/01/04:17:12:24;3725.00000000;-2450.00000000
2018/01/04:17:12:25;3730.00000000;-2460.00000000
2018/01/04:17:12:26;3735.00000000;-2470.00000000
2018/01/04:17:12:27;3740.00000000;-2480.00000000
2018/01/04:17:12:28;3745.00000000;-2490.00000000
2018/01/04:17:12:29;3750.00000000;-2500.00000000
2018/01/04:17:12:30;3755.00000000;-2510.00000000
2018/01/04:17:12:31;3760.00000000;-2520.00000000
2018/01/04:17:12:32;3765.00000000;-2530.00000000
2018/01/04:17:12:33;3770.00000000;-2540.00000000
2018/01/04:17:12:34;3775.00000000;-2550.00000000
2018/01/04:17:12:35;3780.00000000;-2560.00000000
2018/01/04:17:12:36;3785.00000000;-2570.00000000
2018/01/04:17:12:37;3790.00000000;-2580.00000000
2018/01/04:17:12:38;3795.00000000;-2590.00000000
2018/01/04:17:12:39;3800.00000000;-2600.00000000
2018/01/04:17:12:40;3805.00000000;-2610.00000000
2018/01/04:17:12:41;3810.00000000;-2620.00000000
2018/01/04:17:12:42;3815.00000000;-2630.00000000
2018/01/04:17:12:43;3820.00000000;-2640.00000000
2018/01/04:17:12:44;3825.00000000;-2650.00000000
2018/01/04:17:12:45;3830.00000000;-2660.00000000
2018/01/04:17:12:46;3835.00000000;-2670.00000000
2018/01/04:17:12:47;3840.00000000;-2680.00000000
2018/01/04:17:12:48;3845.00000000;-2690.00000000
2018/01/04:17:12:49;3850.00000000;-2700.00000000
2018/01/04:17:12:50;3855.00000000;-2710.00000000
2018/01/04:17:12:51;3860.00000000;-2720.00000000
2018/01/04:17:12:52;3865.00000000;-2730.00000000
2018/01/04:17:12:53;3870.00000000;-2740.00000000
2018/01/04:17:12:54;3875.00000000;-2750.00000000
2018/01/04:17:12:55;3880.00000000;-2760.00000000
2018/01/04:17:12:56;3885.00000000;-2770.00000000
2018/01/04:17:12:57;3890.00000000;-2780.00000000
2018/01/04:17:12:58;3895.00000000;-2790.00000000
2018/01/04:17:12:59;3900.00000000;-2800.00000000
2018/01/04:17:13:00;3905.00000000;-2810.00000000
2018/01/04:17:13:01;3910.00000000;-2820.00000000
2018/01/04:17:13:02;3915.00000000;-2830.00000000
2018/01/04:17:13:03;3920.00000000;-2840.00000000
2018/01/04:17:13:04;3925.00000000;-2850.00000000
2018/01/04:17:13:05;3930.00000000;-2860.00000000
2018/01/04:17:13:06;3935.00000000;-2870.00000000
2018/01/04:17:13:07;3940.00000000;-2880.00000000
2018/01/04:17:13:08;3945.00000000;-2890.00000000
2018/01/04:17:13:09;3950.00000000;-2900.00000000
2018/01/04:17:13:10;3955.00000000;-2910.00000000
2018/01/04:17:13:11;3960.00000000;-2920.00000000
2018/01/04:17:13:12;3965.00000000;-2930.00000000
2018/01/04:17:13:13;3970.00000000;-2940.00000000
2018/01/04:17:13:14;3975.00000000;-2950.00000000
2018/01/04:17:13:15;3980.00000000;-2960.00000000
2018/01/04:17:13:16;3985.00000000;-2970.00000000
2018/01/04:17:13:17;3990.00000000;-2980.00000000
2018/01/04:17:13:18;3995.00000000;-2990.00000000
2018/01/04:17:13:19;4000.00000000;-3000.00000000
2018/01/04:17:13:20;4005.00000000;-3010.00000000
2018/01/04:17:13:21;4010.00000000;-3020.00000000
2018/01/04:17:13:22;4015.00000000;-3030.00000000
2018/01/04:17:13:23;4020.00000000;-3040.00000000
2018/01/04:17:13:24;4025.00000000;-3050.00000000
2018/01/04:17:13:25;4030.00000000;-3060.00000000
2018/01/04:17:13:26;4035.00000000;-3070.00000000
2018/01/04:17:13:27;4040.00000000;-3080.00000000
2018/01/04:17:13:28;4045.00000000;-3090.00000000
2018/01/04:17:13:29;4050.00000000;-3100.00000000
2018/01/04:17:13:30;4055.00000000;-3110.00000000
2018/01/04:17:13:31;4060.00000000;-3120.00000000
2018/01/04:17:13:32;4065.00000000;-3130.00000000
2018/01/04:17:13:33;4070.00000000;-3140.00000000
2018/01/04:17:13:34;4075.00000000;-3150.00000000
2018/01/04:17:13:35;4080.00000000;-3160.00000000
2018/01/04:17:13:36;4085.00000000;-3170.00000000
2018/01/04:17:13:37;4090.00000000;-3180.00000000
2018/01/04:17:13:38;4095.00000000;-3190.00000000
2018/01/04:17:13:39;4100.00000000;-3200.00000000
2018/01/04:17:13:40;4105.00000000;-3210.00000000
2018/01/04:17:13:41;4110.00000000;-3220.00000000
2018/01/04:17:13:42;4115.00000000;-3230.00000000
2018/01/04:17:13:43;4120.00000000;-3240.00000000
2018/01/04:17:13:44;4125.00000000;-3250.00000000
2018/01/04:17:13:45;4130.00000000;-3260.00000000
2018/01/04:17:13:46;4135.00000000;-3270.00000000
2018/01/04:17:13:47;4140.00000000;-3280.00000000
2018/01/04:17:13:48;4145.00000000;-3290.00000000
2018/01/04:17:13:49;4150.00000000;-3300.00000000
2018/01/04:17:13:50;4155.00000000;-3310.00000000
2018/01/04:17:13:51;4160.00000000;-3320.00000000
2018/01/04:17:13:52;4165.00000000;-3330.00000000
2018/01/04:17:13:53;4170.00000000;-3340.00000000
2018/01/04:17:13:54;4175.00000000;-3350.00000000
2018/01/04:17:13:55;4180.00000000;-3360.00000000
2018/01/04:17:13:56;4185.00000000;-3370.00000000
2018/01/04:17:13:57;4190.00000000;-3380.00000000
2018/01/04:17:13:58;4195.00000000;-3390.00000000
2018/01/04:17:13:59;4200.00000000;-3400.00000000
2018/01/04:17:14:00;4205.00000000;-3410.00000000
2018/01/04:17:14:01;4210.00000000;-3420.00000000
2018/01/04:17:14:02;4215.00000000;-3430.00000000
2018/01/04:17:14:03;4220.00000000;-3440.00000000
2018/01/04:17:14:04;4225.00000000;-3450.00000000
2018/01/04:17:14:05;4230.00000000;-3460.00000000
2018/01/04:17:14:06;4235.00000000;-3470.00000000
2018/01/04:17:14:07;4240.00000000;-3480.00000000
2018/01/04:17:14:08;4245.00000000;-3490.00000000
2018/01/04:17:14:09;4250.00000000;-3500.00000000
2018/01/04:17:14:10;4255.00000000;-3510.00000000
2018/01/04:17:14:11;4260.00000000;-3520.00000000
2018/01/04:17:14:12;4265.00000000;-3530.00000000
2018/01/04:17:14:13;4270.00000000;-3540.00000000
2018/01/04:17:14:14;4275.00000000;-3550.00000000
2018/01/04:17:14:15;4280.00000000;-3560.00000000
2018/01/04:17:14:16;4285.00000000;-3570.00000000
2018/01/04:17:14:17;4290.00000000;-3580.00000000
2018/01/04:17:14:18;4295.00000000;-3590.00000000
2018/01/04:17:14:19;4300.00000000;-3600.00000000
2018/01/04:17:14:20;4305.00000000;-3610.00000000
2018/01/04:17:14:21;4310.00000000;-3620.00000000
2018/01/04:17:14:22;4315.00000000;-3630.00000000
2018/01/04:17:14:23;4320.00000000;-3640.00000000
2018/01/04:17:14:24;4325.00000000;-3650.00000000
2018/01/04:17:14:25;4330.00000000;-3660.00000000
2018/01/04:17:14:26;4335.00000000;-3670.00000000
2018/01/04:17:14:27;4340.00000000;-3680.00000000
2018/01/04:17:14:28;4345.00000000;-3690.00000000
2018/01/04:17:14:29;4350.00000000;-3700.00000000
2018/01/04:17:14:30;4355.00000000;-3710.00000000
2018/01/04:17:14:31;4360.00000000;-3720.00000000
2018/01/04:17:14:32;4365.00000000;-3730.00000000
2018/01/04:17:14:33;4370.00000000;-3740.00000000
2018/01/04:17:14:34;4375.00000000;-3750.00000000
2018/01/04:17:14:35;4380.00000000;-3760.00000000
2018/01/04:17:14:36;4385.00000000;-3770.00000000
2018/01/04:17:14:37;4390.00000000;-3780.00000000
2018/01/04:17:14:38;4395.00000000;-3790.00000000
2018/01/04:17:14:39;4400.00000000;-3800.00000000
2018/01/04:17:14:40;4405.00000000;-3810.00000000
2018/01/04:17:14:41;4410.00000000;-3820.00000000
2018/01/04:17:14:42;4415.00000000;-3830.00000000
2018/01/04:17:14:43;4420.00000000;-3840.00000000
2018/01/04:17:14:44;4425.00000000;-3850.00000000
2018/01/04:17:14:45;4430.00000000;-3860.00000000
2018/01/04:17:14:46;4435.00000000;-3870.00000000
2018/01/04:17:14:47;4440.00000000;-3880.00000000
2018/01/04:17:14:48;4445.00000000;-3890.00000000
2018/01/04:17:14:49;4450.00000000;-3900.00000000
2018/01/04:17:14:50;4455.00000000;-3910.00000000
2018/01/04:17:14:51;4460.00000000;-3920.00000000
2018/01/04:17:14:52;4465.00000000;-3930.00000000
2018/01/04:17:14:53;4470.00000000;-3940.00000000
2018/01/04:17:14:54;4475.00000000;-3950.00000000
2018/01/04:17:14:55;4480.00000000;-3960.00000000
2018/01/04:17:14:56;4485.00000000;-3970.00000000
2018/01/04:17:14:57;4490.00000000;-3980.00000000
2018/01/04:17:14:58;4495.00000000;-3990.00000000
2018/01/04:17:14:59;4500.00000000;-4000.00000000
2018/01/04:17:15:00;4505.00000000;-4010.00000000
2018/01/04:17:15:01;4510.00000000;-4020.00000000
2018/01/04:17:15:02;4515.00000000;-4030.00000000
2018/01/04:17:15:03;4520.00000000;-4040.00000000
2018/01/04:17:15:04;4525.00000000;-4050.00000000
2018/01/04:17:15:05;4530.00000000;-4060.00000000
2018/01/04:17:15:06;4535.00000000;-4070.00000000
2018/01/04:17:15:07;4540.00000000;-4080.00000000
2018/01/04:17:15:08;4545.00000000;-4090.00000000
2018/01/04:17:15:09;4550.00000000;-4100.00000000
2018/01/04:17:15:10;4555.00000000;-4110.00000000
2018/01/04:17:15:11;4560.00000000;-4120.00000000
2018/01/04:17:15:12;4565.00000000;-4130.00000000
2018/01/04:17:15:13;4570.00000000;-4140.00000000
2018/01/04:17:15:14;4575.00000000;-4150.00000000
2018/01/04:17:15:15;4580.00000000;-4160.00000000
2018/01/04:17:15:16;4585.00000000;-4170.00000000
2018/01/04:17:15:17;4590.00000000;-4180.00000000
2018/01/04:17:15:18;4595.00000000;-4190.00000000
2018/01/04:17:15:19;4600.00000000;-4200.00000000
2018/01/04:17:15:20;4605.00000000;-4210.00000000
2018/01/04:17:15:21;4610.00000000;-4220.00000000
2018/01/04:17:15:22;4615.00000000;-4230.00000000
2018/01/04:17:15:23;4620.00000000;-4240.00000000
2018/01/04:17:15:24;4625.00000000;-4250.00000000
2018/01/04:17:15:25;4630.00000000;-4260.00000000
2018/01/04:17:15:26;4635.00000000;-4270.00000000
2018/01/04:17:15:27;4640.00000000;-4280.00000000
2018/01/04:17:15:28;4645.00000000;-4290.00000000
2018/01/04:17:15:29;4650.00000000;-4300.00000000
2018/01/04:17:15:30;4655.00000000;-4310.00000000
2018/01/04:17:15:31;4660.00000000;-4320.00000000
2018/01/04:17:15:32;4665.00000000;-4330.00000000
2018/01/04:17:15:33;4670.00000000;-4340.00000000
2018/01/04:17:15:34;4675.00000000;-4350.00000000
2018/01/04:17:15:35;4680.00000000;-4360.00000000
2018/01/04:17:15:36;4685.00000000;-4370.00000000
2018/01/04:17:15:37;4690.00000000;-4380.00000000
2018/01/04:17:15:38;4695.00000000;-4390.00000000
2018/01/04:17:15:39;4700.00000000;-4400.00000000
2018/01/04:17:15:40;4705.00000000;-4410.00000000
2018/01/04:17:15:41;4710.00000000;-4420.00000000
2018/01/04:17:15:42;4715.00000000;-4430.00000000
2018/01/04:17:15:43;4720.00000000;-4440.00000000
2018/01/04:17:15:44;4725.00000000;-4450.00000000
2018/01/04:17:15:45;4730.00000000;-4460.00000000
2018/01/04:17:15:46;4735.00000000;-4470.00000000
2018/01/04:17:15:47;4740.00000000;-4480.00000000
2018/01/04:17:15:48;4745.00000000;-4490.00000000
2018/01/04:17:15:49;4750.00000000;-4500.00000000
2018/01/04:17:15:50;4755.00000000;-4510.00000000
2018/01/04:17:15:51;4760.00000000;-4520.00000000
2018/01/04:17:15:52;4765.00000000;-4530.00000000
2018/01/04:17:15:53;4770.00000000;-4540.00000000
2018/01/04:17:15:54;4775.00000000;-4550.00000000
2018/01/04:17:15:55;4780.00000000;-4560.00000000
2018/01/04:17:15:56;4785.00000000;-4570.00000000
2018/01/04:17:15:57;4790.00000000;-4580.00000000
2018/01/04:17:15:58;4795.00000000;-4590.00000000
2018/01/04:17:15:59;4800.00000000;-4600.00000000
2018/01/04:17:16:00;4805.00000000;-4610.00000000
2018/01/04:17:16:01;4810.00000000;-4620.00000000
2018/01/04:17:16:02;4815.00000000;-4630.00000000
2018/01/04:17:16:03;4820.00000000;-4640.00000000
2018/01/04:17:16:04;4825.00000000;-4650.00000000
2018/01/04:17:16:05;4830.00000000;-4660.00000000
2018/01/04:17:16:06;4835.00000000;-4670.00000000
2018/01/04:17:16:07;4840.00000000;-4680.00000000
2018/01/04:17:16:08;4845.00000000;-4690.00000000
2018/01/04:17:16:09;4850.00000000;-4700.00000000
2018/01/04:17:16:10;4855.00000000;-4710.00000000
2018/01/04:17:16:11;4860.00000000;-4720.00000000
2018/01/04:17:16:12;4865.00000000;-4730.00000000
2018/01/04:17:16:13;4870.00000000;-4740.00000000
2018/01/04:17:16:14;4875.00000000;-4750.00000000
2018/01/04:17:16:15;4880.00000000;-4760.00000000
2018/01/04:17:16:16;4885.00000000;-4770.00000000
2018/01/04:17:16:17;4890.00000000;-4780.00000000
2018/01/04:17:16:18;4895.00000000;-4790.00000000
2018/01/04:17:16:19;4900.00000000;-4800.00000000
2018/01/04:17:16:20;4905.00000000;-4810.00000000
2018/01/04:17:16:21;4910.00000000;-4820.00000000
2018/01/04:17:16:22;4915.00000000;-4830.00000000
2018/01/04:17:16:23;4920.00000000;-4840.00000000
2018/01/04:17:16:24;4925.00000000;-4850.00000000
2018/01/04:17:16:25;4930.00000000;-4860.00000000
2018/01/04:17:16:26;4935.00000000;-4870.00000000
2018/01/04:17:16:27;4940.00000000;-4880.00000000
2018/01/04:17:16:28;4945.00000000;-4890.00000000
2018/01/04:17:16:29;4950.00000000;-4900.00000000
2018/01/04:17:16:30;4955.00000000;-4910.00000000
2018/01/04:17:16:31;4960.00000000;-4920.00000000
2018/01/04:17:16:32;4965.00000000;-4930.00000000
2018/01/04:17:16:33;4970.00000000;-4940.00000000
2018/01/04:17:16:34;4975.00000000;-4950.00000000
2018/01/04:17:16:35;4980.00000000;-4960.00000000
2018/01/04:17:16:36;4985.00000000;-4970.00000000
2018/01/04:17:16:37;4990.00000000;-4980.00000000
2018/01/04:17:16:38;4995.00000000;-4990.00000000
2018/01/04:17:16:39;5000.00000000;-5000.00000000
2018/01/04:17:16:40;5005.00000000;-5010.00000000
2018/01/04:17:16:41;5010.00000000;-5020.00000000
2018/01/04:17:16:42;5015.00000000;-5030.00000000
2018/01/04:17:16:43;5020.00000000;-5040.00000000
2018/01/04:17:16:44;5025.00000000;-5050.00000000
2018/01/04:17:16:45;5030.00000000;-5060.00000000
2018/01/04:17:16:46;5035.00000000;-5070.00000000
2018/01/04:17:16:47;5040.00000000;-5080.00000000
2018/01/04:17:16:48;5045.00000000;-5090.00000000
2018/01/04:17:16:49;5050.00000000;-5100.00000000
2018/01/04:17:16:50;5055.00000000;-5110.00000000
2018/01/04:17:16:51;5060.00000000;-5120.00000000
2018/01/04:17:16:52;5065.00000000;-5130.00000000
2018/01/04:17:16:53;5070.00000000;-5140.00000000
2018/01/04:17:16:54;5075.00000000;-5150.00000000
2018/01/04:17:16:55;5080.00000000;-5160.00000000
2018/01/04:17:16:56;5085.00000000;-5170.00000000
2018/01/04:17:16:57;5090.00000000;-5180.00000000
2018/01/04:17:16:58;5095.00000000;-5190.00000000
2018/01/04:17:16:59;5100.00000000;-5200.00000000
2018/01/04:17:17:00;5105.00000000;-5210.00000000
2018/01/04:17:17:01;5110.00000000;-5220.00000000
2018/01/04:17:17:02;5115.00000000;-5230.00000000
2018/01/04:17:17:03;5120.00000000;-5240.00000000
2018/01/04:17:17:04;5125.00000000;-5250.00000000
2018/01/04:17:17:05;5130.00000000;-5260.00000000
2018/01/04:17:17:06;5135.00000000;-5270.00000000
2018/01/04:17:17:07;5140.00000000;-5280.00000000
2018/01/04:17:17:08;5145.00000000;-5290.00000000
2018/01/04:17:17:09;5150.00000000;-5300.00000000
2018/01/04:17:17:10;5155.00000000;-5310.00000000
2018/01/04:17:17:11;5160.00000000;-5320.00000000
2018/01/04:17:17:12;5165.00000000;-5330.00000000
2018/01/04:17:17:13;5170.00000000;-5340.00000000
2018/01/04:17:17:14;5175.00000000;-5350.00000000
2018/01/04:17:17:15;5180.00000000;-5360.00000000
2018/01/04:17:17:16;5185.00000000;-5370.00000000
2018/01/04:17:17:17;5190.00000000;-5380.00000000
2018/01/04:17:17:18;5195.00000000;-5390.00000000
2018/01/04:17:17:19;5200.00000000;-5400.00000000
2018/01/04:17:17:20;5205.00000000;-5410.00000000
2018/01/04:17:17:21;5210.00000000;-5420.00000000
2018/01/04:17:17:22;5215.00000000;-5430.00000000
2018/01/04:17:17:23;5220.00000000;-5440.00000000
2018/01/04:17:17:24;5225.00000000;-5450.00000000
2018/01/04:17:17:25;5230.00000000;-5460.00000000
2018/01/04:17:17:26;5235.00000000;-5470.00000000
2018/01/04:17:17:27;5240.00000000;-5480.00000000
2018/01/04:17:17:28;5245.00000000;-5490.00000000
2018/01/04:17:17:29;5250.00000000;-5500.00000000
2018/01/04:17:17:30;5255.00000000;-5510.00000000
2018/01/04:17:17:31;5260.00000000;-5520.00000000
2018/01/04:17:17:32;5265.00000000;-5530.00000000
2018/01/04:17:17:33;5270.00000000;-5540.00000000
2018/01/04:17:17:34;5275.00000000;-5550.00000000
2018/01/04:17:17:35;5280.00000000;-5560.00000000
2018/01/04:17:17:36;5285.00000000;-5570.00000000
2018/01/04:17:17:37;5290.00000000;-5580.00000000
2018/01/04:17:17:38;5295.00000000;-5590.00000000
2018/01/04:17:17:39;5300.00000000;-5600.00000000
2018/01/04:17:17:40;5305.00000000;-5610.00000000
2018/01/04:17:17:41;5310.00000000;-5620.00000000
2018/01/04:17:17:42;5315.00000000;-5630.00000000
2018/01/04:17:17:43;5320.00000000;-5640.00000000
2018/01/04:17:17:44;5325.00000000;-5650.00000000
2018/01/04:17:17:45;5330.00000000;-5660.00000000
2018/01/04:17:17:46;5335.00000000;-5670.00000000
2018/01/04:17:17:47;5340.00000000;-5680.00000000
2018/01/04:17:17:48;5345.00000000;-5690.00000000
2018/01/04:17:17:49;5350.00000000;-5700.00000000
2018/01/04:17:17:50;5355.00000000;-5710.00000000
2018/01/04:17:17:51;5360.00000000;-5720.00000000
2018/01/04:17:17:52;5365.00000000;-5730.00000000
2018/01/04:17:17:53;5370.00000000;-5740.00000000
2018/01/04:17:17:54;5375.00000000;-5750.00000000
2018/01/04:17:17:55;5380.00000000;-5760.00000000
2018/01/04:17:17:56;5385.00000000;-5770.00000000
2018/01/04:17:17:57;5390.00000000;-5780.00000000
2018/01/04:17:17:58;5395.00000000;-5790.00000000
2018/01/04:17:17:59;5400.00000000;-5800.00000000
2018/01/04:17:18:00;5405.00000000;-5810.00000000
2018/01/04:17:18:01;5410.00000000;-5820.00000000
2018/01/04:17:18:02;5415.00000000;-5830.00000000
2018/01/04:17:18:03;5420.00000000;-5840.00000000
2018/01/04:17:18:04;5425.00000000;-5850.00000000
2018/01/04:17:18:05;5430.00000000;-5860.00000000
2018/01/04:17:18:06;5435.00000000;-5870.00000000
2018/01/04:17:18:07;5440.00000000;-5880.00000000
2018/01/04:17:18:08;5445.00000000;-5890.00000000
2018/01/04:17:18:09;5450.00000000;-5900.00000000
2018/01/04:17:18:10;5455.00000000;-5910.00000000
2018/01/04:17:18:11;5460.00000000;-5920.00000000
2018/01/04:17:18:12;5465.00000000;-5930.00000000
2018/01/04:17:18:13;5470.00000000;-5940.00000000
2018/01/04:17:18:14;5475.00000000;-5950.00000000
2018/01/04:17:18:15;5480.00000000;-5960.00000000
2018/01/04:17:18:16;5485.00000000;-5970.00000000
2018/01/04:17:18:17;5490.00000000;-5980.00000000
2018/01/04:17:18:18;5495.00000000;-5990.00000000
2018/01/04:17:18:19;5500.00000000;-6000.00000000
2018/01/04:17:18:20;5505.00000000;-6010.00000000
2018/01/04:17:18:21;5510.00000000;-6020.00000000
2018/01/04:17:18:22;5515.00000000;-6030.00000000
2018/01/04:17:18:23;5520.00000000;-6040.00000000
2018/01/04:17:18:24;5525.00000000;-6050.00000000
2018/01/04:17:18:25;5530.00000000;-6060.00000000
2018/01/04:17:18:26;5535.00000000;-6070.00000000
2018/01/04:17:18:27;5540.00000000;-6080.00000000
2018/01/04:17:18:28;5545.00000000;-6090.00000000
2018/01/04:17:18:29;5550.00000000;-6100.00000000
2018/01/04:17:18:30;5555.00000000;-6110.00000000
2018/01/04:17:18:31;5560.00000000;-6120.00000000
2018/01/04:17:18:32;5565.00000000;-6130.00000000
2018/01/04:17:18:33;5570.00000000;-6140.00000000
2018/01/04:17:18:34;5575.00000000;-6150.00000000
2018/01/04:17:18:35;5580.00000000;-6160.00000000
2018/01/04:17:18:36;5585.00000000;-6170.00000000
2018/01/04:17:18:37;5590.00000000;-6180.00000000
2018/01/04:17:18:38;5595.00000000;-6190.00000000
2018/01/04:17:18:39;5600.00000000;-6200.00000000
2018/01/04:17:18:40;5605.00000000;-6210.00000000
2018/01/04:17:18:41;5610.00000000;-6220.00000000
2018/01/04:17:18:42;5615.00000000;-6230.00000000
2018/01/04:17:18:43;5620.00000000;-6240.00000000
2018/01/04:17:18:44;5625.00000000;-6250.00000000
2018/01/04:17:18:45;5630.00000000;-6260.00000000
2018/01/04:17:18:46;5635.00000000;-6270.00000000
2018/01/04:17:18:47;5640.00000000;-6280.00000000
2018/01/04:17:18:48;5645.00000000;-6290.00000000
2018/01/04:17:18:49;5650.00000000;-6300.00000000
2018/01/04:17:18:50;5655.00000000;-6310.00000000
2018/01/04:17:18:51;5660.00000000;-6320.00000000
2018/01/04:17:18:52;5665.00000000;-6330.00000000
2018/01/04:17:18:53;5670.00000000;-6340.00000000
2018/01/04:17:18:54;5675.00000000;-6350.00000000
2018/01/04:17:18:55;5680.00000000;-6360.00000000
2018/01/04:17:18:56;5685.00000000;-6370.00000000
2018/01/04:17:18:57;5690.00000000;-6380.00000000
2018/01/04:17:18:58;5695.00000000;-6390.00000000
2018/01/04:17:18:59;5700.00000000;-6400.00000000
2018/01/04:17:19:00;5705.00000000;-6410.00000000
2018/01/04:17:19:01;5710.00000000;-6420.00000000
2018/01/04:17:19:02;5715.00000000;-6430.00000000
2018/01/04:17:19:03;5720.00000000;-6440.00000000
2018/01/04:17:19:04;5725.00000000;-6450.00000000
2018/01/04:17:19:05;5730.00000000;-6460.00000000
2018/01/04:17:19:06;5735.00000000;-6470.00000000
2018/01/04:17:19:07;5740.00000000;-6480.00000000
2018/01/04:17:19:08;5745.00000000;-6490.00000000
2018/01/04:17:19:09;5750.00000000;-6500.00000000
2018/01/04:17:19:10;5755.00000000;-6510.00000000
2018/01/04:17:19:11;5760.00000000;-6520.00000000
2018/01/04:17:19:12;5765.00000000;-6530.00000000
2018/01/04:17:19:13;5770.00000000;-6540.00000000
2018/01/04:17:19:14;5775.00000000;-6550.00000000
2018/01/04:17:19:15;5780.00000000;-6560.00000000
2018/01/04:17:19:16;5785.00000000;-6570.00000000
2018/01/04:17:19:17;5790.00000000;-6580.00000000
2018/01/04:17:19:18;5795.00000000;-6590.00000000
2018/01/04:17:19:19;5800.00000000;-6600.00000000
2018/01/04:17:19:20;5805.00000000;-6610.00000000
2018/01/04:17:19:21;5810.00000000;-6620.00000000
2018/01/04:17:19:22;5815.00000000;-6630.00000000
2018/01/04:17:19:23;5820.00000000;-6640.00000000
2018/01/04:17:19:24;5825.00000000;-6650.00000000
2018/01/04:17:19:25;5830.00000000;-6660.00000000
2018/01/04:17:19:26;5835.00000000;-6670.00000000
2018/01/04:17:19:27;5840.00000000;-6680.00000000
2018/01/04:17:19:28;5845.00000000;-6690.00000000
2018/01/04:17:19:29;5850.00000000;-6700.00000000
2018/01/04:17:19:30;5855.00000000;-6710.00000000
2018/01/04:17:19:31;5860.00000000;-6720.00000000
2018/01/04:17:19:32;5865.00000000;-6730.00000000
2018/01/04:17:19:33;5870.00000000;-6740.00000000
2018/01/04:17:19:34;5875.00000000;-6750.00000000
2018/01/04:17:19:35;5880.00000000;-6760.00000000
2018/01/04:17:19:36;5885.00000000;-6770.00000000
2018/01/04:17:19:37;5890.00000000;-6780.00000000
2018/01/04:17:19:38;5895.00000000;-6790.00000000
2018/01/04:17:19:39;5900.00000000;-6800.00000000
2018/01/04:17:19:40;5905.00000000;-6810.00000000
2018/01/04:17:19:41;5910.00000000;-6820.00000000
2018/01/04:17:19:42;5915.00000000;-6830.00000000
2018/01/04:17:19:43;5920.00000000;-6840.00000000
2018/01/04:17:19:44;5925.00000000;-6850.00000000
2018/01/04:17:19:45;5930.00000000;-6860.00000000
2018/01/04:17:19:46;5935.00000000;-6870.00000000
2018/01/04:17:19:47;5940.00000000;-6880.00000000
2018/01/04:17:19:48;5945.00000000;-6890.00000000
2018/01/04:17:19:49;5950.00000000;-6900.00000000
2018/01/04:17:19:50;5955.00000000;-6910.00000000
2018/01/04:17:19:51;5960.00000000;-6920.00000000
2018/01/04:17:19:52;5965.00000000;-6930.00000000
2018/01/04:17:19:53;5970.00000000;-6940.00000000
2018/01/04:17:19:54;5975.00000000;-6950.00000000
2018/01/04:17:19:55;5980.00000000;-6960.00000000
2018/01/04:17:19:56;5985.00000000;-6970.00000000
2018/01/04:17:19:57;5990.00000000;-6980.00000000
2018/01/04:17:19:58;5995.00000000;-6990.00000000
2018/01/04:17:19:59;6000.00000000;-7000.00000000
